الصف,المادة,الحصص,المعلم,القاعة
5-أ,لغة عربية,6,أ. أمل الشحي,
5-أ,رياضيات,6,أ. سالم النعيمي,
5-أ,علوم,4,أ. جود المهيري,مختبر العلوم
5-أ,لغة إنجليزية,6,أ. سارة البلوشي,
5-أ,تربية إسلامية,4,أ. علي الظاهري,
5-أ,تربية رياضية,2,أ. ماجد الكعبي,الصالة الرياضية
5-أ,فنون,2,أ. دانة السويدي,
5-ب,لغة عربية,6,أ. ريم الحمادي,
5-ب,رياضيات,6,أ. سالم النعيمي,
5-ب,علوم,4,أ. جود المهيري,مختبر العلوم
5-ب,لغة إنجليزية,6,أ. لمى الكتبي,
5-ب,تربية إسلامية,4,أ. علي الظاهري,
5-ب,تربية رياضية,2,أ. ماجد الكعبي,الصالة الرياضية
5-ب,فنون,2,أ. دانة السويدي,
6-أ,لغة عربية,6,أ. أمل الشحي,
6-أ,رياضيات,6,أ. سالم النعيمي,
6-أ,علوم,4,أ. جود المهيري,مختبر العلوم
6-أ,لغة إنجليزية,6,أ. سارة البلوشي,
6-أ,تربية إسلامية,4,أ. علي الظاهري,
6-أ,تربية رياضية,2,أ. ماجد الكعبي,الصالة الرياضية
6-أ,فنون,2,أ. دانة السويدي,
6-ب,لغة عربية,6,أ. ريم الحمادي,
6-ب,رياضيات,6,أ. سالم النعيمي,
6-ب,علوم,4,أ. جود المهيري,مختبر العلوم
6-ب,لغة إنجليزية,6,أ. لمى الكتبي,
6-ب,تربية إسلامية,4,أ. علي الظاهري,
6-ب,تربية رياضية,2,أ. ماجد الكعبي,الصالة الرياضية
6-ب,فنون,2,أ. دانة السويدي,
